prompt,strategy,output
He disappeared into the woods,greedy,"He disappeared into the woods the the the the the the and the ande anre are stand sed aein atheas ie
 aeisae iae iae iaeoiae iae haeioaeioaeioaeioawit"
He disappeared into the woods,top-k,"He disappeared into the woodsher tedv,
“yousy The
“r medha is’e tamHey.aser
csv gdlneasoep
reus sae I
e cBAeI laieo paidrapp siedaleivleani aenamac ia"
He disappeared into the woods,top-p,"He disappeared into the woodsigu hou wof Iiower ins ton tesife,sn i
,ai e.dsreocns”deiteachnarihen ao“ieogte i ieafyt Aatmeli awesaiehliealhe uie,atws"
Language models learn,greedy,"Language models learn the the the the the the the the and the ande anre are stand sedaie ane atesa ie
 aeisae iae iae iaeonae iae haeioaeioaeioaeiwati"
Language models learn,top-k,"Language models learn hed inue winret ghedlom dof soero borhagekr MmobOea csntsigroicoes” “
ewcapo o
t las hiudae pud aTteraoveb wiaehatowenoi.eGdtvIm"
Language models learn,top-p,"Language models learn thisu res Iors Iou imet ofalhapreintiu Ie p
“oseitheprotsc
rs thiseo Tethsryg
“a esfioau had sieahielear nd earaeu w ahuraIhitan"
